unique_id,ds,y,y_hat_naive2
W1,2011-10-09,35397.16,35347.12788791209
W1,2011-10-16,35808.59,35476.266108567084
W1,2011-10-23,35808.59,35430.07807738054
W1,2011-10-30,36246.14,35790.65919833825
W1,2011-11-06,36246.14,35785.35420834972
W1,2011-11-13,36403.7,35895.237388521964
W1,2011-11-20,36403.7,35792.68796689991
W1,2011-11-27,36150.2,36002.67006540161
W1,2011-12-04,36150.2,35879.81966128496
W1,2011-12-11,35790.55,35638.50529505288
W1,2011-12-18,35790.55,35554.76768778191
W1,2011-12-25,34066.95,35078.9775624048
W1,2012-01-01,34066.95,35085.28682031188
W10,1987-11-29,5122.14,5095.522502176102
W10,1987-12-06,5104.68,5229.217952787067
W10,1987-12-13,5104.68,5249.194564288656
W10,1987-12-20,5104.68,5437.8864707969415
W10,1987-12-27,5565.7,5405.980678518662
W10,1988-01-03,5565.7,5385.218653496082
W10,1988-01-10,5565.7,5368.485124478321
W10,1988-01-17,5565.7,5430.144168721227
W10,1988-01-24,5565.7,5403.884331274301
W10,1988-01-31,5544.94,5317.239655090498
W10,1988-02-07,5544.94,5244.12884731775
W10,1988-02-14,5544.94,5315.157372217645
W10,1988-02-21,5544.94,5303.967129835783
W100,2013-10-06,11474.49,11322.54360843299
W100,2013-10-13,11875.5,11368.502320884218
W100,2013-10-20,11517.02,11336.36531272458
W100,2013-10-27,11305.8,11333.733352590698
W100,2013-11-03,11423.14,11328.416661962252
W100,2013-11-10,11647.5,11338.463608673304
W100,2013-11-17,11632.38,11300.712829179889
W100,2013-11-24,11729.89,11324.457598746016
W100,2013-12-01,11679.04,11239.822730053922
W100,2013-12-08,11740.51,11200.573024068857
W100,2013-12-15,11934.32,11240.311970347519
W100,2013-12-22,11741.1,11241.581908826682
W100,2013-12-29,11634.37,11194.472824505727
W11,1987-11-29,337.19,335.7623788116793
W11,1987-12-06,359.52,320.7218993656525
W11,1987-12-13,357.62,345.70375537441817
W11,1987-12-20,368.22,331.4112998452643
W11,1987-12-27,328.77,315.02248794131987
W11,1988-01-03,391.31,316.23344428609295
W11,1988-01-10,340.06,304.99815448150235
W11,1988-01-17,323.19,311.94991373304447
W11,1988-01-24,323.3,306.5932888418476
W11,1988-01-31,339.94,310.8489784013639
W11,1988-02-07,316.45,307.1469387388954
W11,1988-02-14,295.99,307.65227255901095
W11,1988-02-21,280.07,305.59238918218114
W12,1978-10-08,1092.0,1036.0
W12,1978-10-15,1085.0,1036.0
W12,1978-10-22,1078.0,1036.0
W12,1978-10-29,1071.0,1036.0
W12,1978-11-05,1064.0,1036.0
W12,1978-11-12,1057.0,1036.0
W12,1978-11-19,1050.0,1036.0
W12,1978-11-26,1043.0,1036.0
W12,1978-12-03,1092.0,1036.0
W12,1978-12-10,1085.0,1036.0
W12,1978-12-17,1078.0,1036.0
W12,1978-12-24,1071.0,1036.0
W12,1978-12-31,1064.0,1036.0
W13,1983-10-30,2373.445,2513.309682138836
W13,1983-11-06,2373.105,2539.683306863425
W13,1983-11-13,2453.974,2527.0665515174974
W13,1983-11-20,2390.353,2541.008288832226
W13,1983-11-27,2324.83,2535.2831692651393
W13,1983-12-04,2337.239,2542.8965581991793
W13,1983-12-11,2375.971,2546.8351331703466
W13,1983-12-18,2398.802,2530.254640408047
W13,1983-12-25,2350.108,2542.7852441007412
W13,1984-01-01,2363.517,2547.4602166080135
W13,1984-01-08,2484.652,2586.736320422225
W13,1984-01-15,2558.814,2594.9741431850885
W13,1984-01-22,2653.311,2557.9299413723006
W14,1983-10-30,2341.516,2461.153855697053
W14,1983-11-06,2407.573,2470.0019193573285
W14,1983-11-13,2435.3,2484.6444627067317
W14,1983-11-20,2361.92,2468.997112492193
W14,1983-11-27,2310.927,2480.5690136668522
W14,1983-12-04,2322.117,2482.004971253696
W14,1983-12-11,2408.718,2480.2362902352515
W14,1983-12-18,2476.214,2471.9827805002315
W14,1983-12-25,2361.203,2511.4612990303676
W14,1984-01-01,2393.436,2522.3913124254987
W14,1984-01-08,2552.503,2528.005588804749
W14,1984-01-15,2554.351,2560.255049229051
W14,1984-01-22,2500.651,2451.885174366202
W15,1983-10-30,4231.0,5274.064290763873
W15,1983-11-06,4311.68,5434.662564673884
W15,1983-11-13,3848.09,5566.834022912414
W15,1983-11-20,4149.38,5312.2380455818675
W15,1983-11-27,3633.49,5213.935004236692
W15,1983-12-04,3553.49,5352.561050834346
W15,1983-12-11,3743.59,5238.778527588933
W15,1983-12-18,4626.91,5115.584336575757
W15,1983-12-25,4235.48,5049.244247071031
W15,1984-01-01,4288.81,5324.374047927173
W15,1984-01-08,5601.72,5669.667403304779
W15,1984-01-15,5737.57,6424.3274324181375
W15,1984-01-22,5232.13,5264.089913678626
W16,1983-10-30,4231.0,5274.982995114002
W16,1983-11-06,4311.68,5435.5052992175915
W16,1983-11-13,3848.09,5567.791228586966
W16,1983-11-20,4149.38,5313.130823319518
W16,1983-11-27,3633.49,5214.926332297552
W16,1983-12-04,3553.49,5352.696682956361
W16,1983-12-11,3743.59,5239.069759114625
W16,1983-12-18,4626.91,5115.588264799959
W16,1983-12-25,4235.48,5126.957481437825
W16,1984-01-01,4288.81,5479.995871412089
W16,1984-01-08,5601.72,5669.594181165994
W16,1984-01-15,5737.57,6421.424092182626
W16,1984-01-22,5232.13,5264.727132088153
W17,1983-10-30,12027.16,11993.367626525058
W17,1983-11-06,12027.2,11966.953542293639
W17,1983-11-13,12027.24,11927.658769358932
W17,1983-11-20,11985.62,11895.03658005319
W17,1983-11-27,11985.74,11893.257982784024
W17,1983-12-04,12432.86,11893.928741126942
W17,1983-12-11,12432.99,11917.717974366713
W17,1983-12-18,12418.26,11914.68868268735
W17,1983-12-25,12418.32,11867.805305358208
W17,1984-01-01,12418.37,11879.45995381836
W17,1984-01-08,12418.43,11801.111441062785
W17,1984-01-15,12418.49,11824.493401912589
W17,1984-01-22,12323.22,11793.70928080993
W18,1983-10-30,4334.57,4344.481550502052
W18,1983-11-06,4334.61,4343.1417161719055
W18,1983-11-13,4334.65,4327.729900622288
W18,1983-11-20,4351.65,4337.390722624016
W18,1983-11-27,4351.77,4416.70297224421
W18,1983-12-04,3846.99,4411.275965151928
W18,1983-12-11,3954.85,4402.790956008191
W18,1983-12-18,3996.48,4400.778759214472
W18,1983-12-25,3992.55,4413.330489922014
W18,1984-01-01,3992.61,4430.466843426195
W18,1984-01-08,3992.68,4419.622384496636
W18,1984-01-15,3992.75,4404.129656528072
W18,1984-01-22,4029.96,4351.685210218157
W19,2000-09-17,2754.0,2843.534611736607
W19,2000-09-24,3035.0,2949.296365163931
W19,2000-10-01,2591.0,3031.8098207730027
W19,2000-10-08,2808.0,3286.327568684088
W19,2000-10-15,2324.0,3328.01471280194
W19,2000-10-22,4033.0,4153.4420887707065
W19,2000-10-29,3146.0,5588.250671152099
W19,2000-11-05,3402.0,6539.701632567858
W19,2000-11-12,3677.0,6283.901198360663
W19,2000-11-19,4790.0,5515.999099990562
W19,2000-11-26,7520.0,3934.418161518091
W19,2000-12-03,4445.0,3158.4181376103843
W19,2000-12-10,2960.0,2898.086111272241
W2,2002-10-13,3608.061,3485.9617671336778
W2,2002-10-20,3624.368,3476.284194407073
W2,2002-10-27,3537.64,3505.17613581057
W2,2002-11-03,3587.344,3515.5610229306853
W2,2002-11-10,3662.088,3529.703965795635
W2,2002-11-17,3658.634,3522.1195996290803
W2,2002-11-24,3622.148,3531.638871984776
W2,2002-12-01,3591.48,3551.926775053019
W2,2002-12-08,3638.559,3557.543443996362
W2,2002-12-15,3635.781,3546.992616971477
W2,2002-12-22,3522.328,3512.958070271939
W2,2002-12-29,3458.631,3466.3263976089934
W2,2003-01-05,3354.758,3464.1038579725405
W20,2000-09-17,3942.0,3918.163492116389
W20,2000-09-24,4184.0,3750.2299357425304
W20,2000-10-01,3374.0,3712.3936285195155
W20,2000-10-08,4291.0,3663.493872494514
W20,2000-10-15,2657.0,3953.25505200835
W20,2000-10-22,4258.0,4141.395666410115
W20,2000-10-29,4050.0,3899.0937035748525
W20,2000-11-05,3730.0,4037.6359235692025
W20,2000-11-12,3311.0,4094.083396763722
W20,2000-11-19,3154.0,4307.066593879636
W20,2000-11-26,4551.0,4108.566041553407
W20,2000-12-03,4677.0,4071.6218415633166
W20,2000-12-10,3944.0,4141.967965748882
W21,2000-09-17,2203.0,2193.594149658914
W21,2000-09-24,2234.0,2361.205536482904
W21,2000-10-01,1786.0,2469.917099149622
W21,2000-10-08,2582.0,2464.007490703335
W21,2000-10-15,2838.0,2540.697689183776
W21,2000-10-22,2949.0,2807.40684617741
W21,2000-10-29,2483.0,3231.4448426642057
W21,2000-11-05,2184.0,2998.5976396915157
W21,2000-11-12,3809.0,2619.5707293264973
W21,2000-11-19,3395.0,2198.8096932824574
W21,2000-11-26,3194.0,2003.2202230926957
W21,2000-12-03,2744.0,1713.1814270513419
W21,2000-12-10,2054.0,1587.2406877015833
W22,2000-10-22,3780.0,3909.885917127444
W22,2000-10-29,4430.0,4158.222345784624
W22,2000-11-05,3380.0,4278.73241263865
W22,2000-11-12,4100.0,4539.575560082463
W22,2000-11-19,2710.0,4281.288225022826
W22,2000-11-26,3980.0,4759.628893635031
W22,2000-12-03,3720.0,4897.7905418674045
W22,2000-12-10,3300.0,5142.78934461182
W22,2000-12-17,3460.0,4509.1465247173755
W22,2000-12-24,2760.0,5529.328565109196
W22,2000-12-31,4730.0,5932.295335248653
W22,2001-01-07,3930.0,4898.515281765238
W22,2001-01-14,3180.0,4406.083035991783
W23,2000-09-17,753.8,780.7679074699488
W23,2000-09-24,767.6,799.7653629898356
W23,2000-10-01,722.9,761.5376423431073
W23,2000-10-08,769.5,744.8854733260599
W23,2000-10-15,536.6,703.7183537554602
W23,2000-10-22,756.4,746.8039058816843
W23,2000-10-29,813.0,793.3122964488585
W23,2000-11-05,732.2,785.6861478915472
W23,2000-11-12,617.9,770.7448406551216
W23,2000-11-19,617.0,891.7137572359904
W23,2000-11-26,901.1,913.2929672293455
W23,2000-12-03,872.9,840.8059167759955
W23,2000-12-10,739.2,812.4698520157782
W24,2000-09-17,6510.0,7868.450326134635
W24,2000-09-24,6109.0,8517.79790903566
W24,2000-10-01,5215.0,8536.509314029725
W24,2000-10-08,6798.0,9230.972474404585
W24,2000-10-15,4354.0,9025.395342739133
W24,2000-10-22,10041.0,9900.488359831279
W24,2000-10-29,7637.0,12840.203654496896
W24,2000-11-05,6137.0,13629.325934095476
W24,2000-11-12,7002.0,14704.216942705545
W24,2000-11-19,8575.0,14007.69514728387
W24,2000-11-26,19189.0,10868.109459634596
W24,2000-12-03,12646.0,9037.553606318066
W24,2000-12-10,6956.0,8734.27961601531
W25,2000-09-17,1431.0,1499.6394033639256
W25,2000-09-24,1679.0,1621.392892914781
W25,2000-10-01,1348.0,1643.1687418978909
W25,2000-10-08,1870.0,1722.6890221047965
W25,2000-10-15,2110.0,1806.0357729146335
W25,2000-10-22,2492.0,1955.6069795538576
W25,2000-10-29,2701.0,2045.6337340378138
W25,2000-11-05,2649.0,1922.6311334290053
W25,2000-11-12,2745.0,1677.5026175419684
W25,2000-11-19,2676.0,1627.226283021833
W25,2000-11-26,3017.0,1598.7553027468346
W25,2000-12-03,2669.0,1442.069331148071
W25,2000-12-10,2017.0,1411.2716773416357
W26,2000-09-17,2672.0,2890.6576170247226
W26,2000-09-24,3061.0,3168.065474342572
W26,2000-10-01,2947.0,3352.385727586343
W26,2000-10-08,4293.0,4071.279999313131
W26,2000-10-15,3409.0,4198.127389448311
W26,2000-10-22,4660.0,5208.633081122052
W26,2000-10-29,5136.0,5424.293455762208
W26,2000-11-05,6235.0,5037.786639279967
W26,2000-11-12,5580.0,4394.785160675793
W26,2000-11-19,4585.0,4242.010874440827
W26,2000-11-26,6168.0,4136.721612438349
W26,2000-12-03,4943.0,3253.7773795235707
W26,2000-12-10,3945.0,3099.337947091148
W27,2000-09-17,2144.0,2192.7603713358594
W27,2000-09-24,2144.0,2124.3676443325103
W27,2000-10-01,1752.0,2316.4236741930868
W27,2000-10-08,2314.0,2745.894616500545
W27,2000-10-15,2645.0,2788.4599298524968
W27,2000-10-22,2643.0,3117.1086013014774
W27,2000-10-29,3120.0,3491.0788790599154
W27,2000-11-05,3302.0,3438.2271447454164
W27,2000-11-12,3802.0,3067.1346885728894
W27,2000-11-19,2762.0,2961.3440062037544
W27,2000-11-26,3713.0,2765.957320437743
W27,2000-12-03,4473.0,2356.3018044265104
W27,2000-12-10,2643.0,2248.3649338436144
W28,2000-09-17,7793.0,4224.173352505807
W28,2000-09-24,3341.0,4600.136399225519
W28,2000-10-01,3003.0,4815.719928641218
W28,2000-10-08,3507.0,5405.526331116229
W28,2000-10-15,2555.0,6615.166683468662
W28,2000-10-22,3167.0,9372.871719401233
W28,2000-10-29,3300.0,10659.574904610128
W28,2000-11-05,3507.0,9209.278275615223
W28,2000-11-12,8089.0,7769.561368433541
W28,2000-11-19,8507.0,6514.483717439195
W28,2000-11-26,5611.0,5558.956984123373
W28,2000-12-03,4081.0,4881.738546498098
W28,2000-12-10,3025.0,4669.489632720934
W29,2000-09-17,851.0,872.7116366989837
W29,2000-09-24,1017.0,964.5697637668661
W29,2000-10-01,907.0,973.6800759643965
W29,2000-10-08,1075.0,991.6668587422535
W29,2000-10-15,833.0,1035.5752320157633
W29,2000-10-22,1716.0,1263.5863859424392
W29,2000-10-29,1339.0,1258.566748159537
W29,2000-11-05,1312.0,1292.1328486431344
W29,2000-11-12,1345.0,1198.0142164400659
W29,2000-11-19,1322.0,1293.3511596070564
W29,2000-11-26,2142.0,1161.496938201352
W29,2000-12-03,1732.0,961.764570048779
W29,2000-12-10,1143.0,842.887415977763
W3,2011-10-02,9602.4,9590.251782446016
W3,2011-10-09,9895.9,9565.187742004597
W3,2011-10-16,9915.9,9547.262465231152
W3,2011-10-23,9726.6,9548.43210785709
W3,2011-10-30,9626.5,9560.429085582819
W3,2011-11-06,9966.1,9562.239392939659
W3,2011-11-13,10008.5,9550.284718826484
W3,2011-11-20,9911.7,9546.282369673021
W3,2011-11-27,9760.7,9562.621925680647
W3,2011-12-04,9968.2,9568.848076914735
W3,2011-12-11,10089.1,9546.827572066986
W3,2011-12-18,10005.9,9563.789022320594
W3,2011-12-25,9823.3,9569.91732705804
W30,2000-09-17,3623.0,3783.7707603480144
W30,2000-09-24,4016.0,3923.274064978873
W30,2000-10-01,3075.0,4365.096507679643
W30,2000-10-08,4373.0,4500.909909039788
W30,2000-10-15,3773.0,5279.864551774766
W30,2000-10-22,5121.0,5845.0238147871605
W30,2000-10-29,4129.0,6130.814418373705
W30,2000-11-05,4785.0,5955.6730494334515
W30,2000-11-12,6509.0,5957.248546178856
W30,2000-11-19,7561.0,5258.036666523536
W30,2000-11-26,6183.0,4761.325983136093
W30,2000-12-03,5485.0,4474.6911609776025
W30,2000-12-10,4223.0,4066.766594310826
W31,2000-09-17,708.0,1291.5240573379128
W31,2000-09-24,829.0,1340.5866632844343
W31,2000-10-01,796.0,1537.9218152155308
W31,2000-10-08,1026.0,1694.181395582397
W31,2000-10-15,1483.0,1804.5401686565497
W31,2000-10-22,1412.0,1958.1428880817846
W31,2000-10-29,1665.0,1926.4575914429681
W31,2000-11-05,1696.0,1753.7302904705384
W31,2000-11-12,2150.0,1697.3702875660335
W31,2000-11-19,1948.0,1572.129334565086
W31,2000-11-26,1778.0,1500.4529912221155
W31,2000-12-03,1156.0,1328.0708945153274
W31,2000-12-10,1053.0,1244.1424557425385
W32,2000-09-24,5029.0,4578.768990564721
W32,2000-10-01,3990.0,4439.747428210584
W32,2000-10-08,5803.0,4860.013927957928
W32,2000-10-15,3980.0,5242.178249075849
W32,2000-10-22,6833.0,5481.544328919087
W32,2000-10-29,5247.0,5715.584360684575
W32,2000-11-05,6023.0,5585.712971935797
W32,2000-11-12,7372.0,5393.822228313267
W32,2000-11-19,6529.0,5244.820566149009
W32,2000-11-26,7042.0,4851.8983330011115
W32,2000-12-03,6642.0,4543.444840152228
W32,2000-12-10,6607.0,4285.799865590865
W32,2000-12-17,7307.0,4034.4091300322557
W33,2000-09-24,1635.1,1615.6209250478507
W33,2000-10-01,1470.0,1711.3352740437356
W33,2000-10-08,1831.2,1904.5382071654633
W33,2000-10-15,1860.7,2040.5733134221484
W33,2000-10-22,2952.6,2181.727400417547
W33,2000-10-29,2076.0,2392.843961934853
W33,2000-11-05,1926.5,2365.0188925573725
W33,2000-11-12,2127.6,2326.5465733510987
W33,2000-11-19,2526.5,2171.8664318461933
W33,2000-11-26,3130.5,1906.5879402309522
W33,2000-12-03,2901.6,1640.2764832038322
W33,2000-12-10,1965.4,1566.0384738637915
W33,2000-12-17,1930.4,1504.4649927479986
W34,2001-02-11,1528.0,1367.8973258502185
W34,2001-02-18,1485.0,1388.9140780140979
W34,2001-02-25,1676.0,1531.8493268787333
W34,2001-03-04,1434.0,1491.175631358355
W34,2001-03-11,2556.0,1529.2109207163917
W34,2001-03-18,2017.0,1599.0134297480693
W34,2001-03-25,1752.0,1626.728392635281
W34,2001-04-01,1575.0,1587.1640844842777
W34,2001-04-08,1478.0,1594.7960670869857
W34,2001-04-15,2618.0,1505.3213357972074
W34,2001-04-22,2045.0,1306.4558352248614
W34,2001-04-29,1480.0,1203.9346447279024
W34,2001-05-06,1464.0,1169.1277743661417
W35,2000-09-24,1240.0,1196.965066840356
W35,2000-10-01,938.0,1457.8393608224474
W35,2000-10-08,1641.0,1528.2902945290286
W35,2000-10-15,1225.0,1473.5215011963078
W35,2000-10-22,2143.0,1508.5633567137702
W35,2000-10-29,2298.0,1643.4203042377042
W35,2000-11-05,1561.0,1770.983870275599
W35,2000-11-12,1253.0,1764.900709034381
W35,2000-11-19,1257.0,1774.647748102977
W35,2000-11-26,2191.0,1658.275303736913
W35,2000-12-03,2137.0,1410.4149121422702
W35,2000-12-10,1662.0,1228.2216006899287
W35,2000-12-17,1565.0,1162.4632644583817
W36,1987-11-29,18469.2,15586.46947320855
W36,1987-12-06,14697.3,12913.841844981836
W36,1987-12-13,14490.1,12293.822434480015
W36,1987-12-20,16890.6,11702.27309017341
W36,1987-12-27,13307.5,11567.052821983514
W36,1988-01-03,11488.0,11442.22765191437
W36,1988-01-10,11021.4,13565.625745974232
W36,1988-01-17,13786.0,14830.316196316695
W36,1988-01-24,17773.2,14774.98303182321
W36,1988-01-31,20125.2,12965.876087475157
W36,1988-02-07,13053.1,13024.408802792044
W36,1988-02-14,14418.3,14809.82159038657
W36,1988-02-21,18561.2,15588.56403700839
W37,1979-10-07,2891.8,2897.7
W37,1979-10-14,2870.0,2897.7
W37,1979-10-21,2839.7,2897.7
W37,1979-10-28,2925.6,2897.7
W37,1979-11-04,2858.2,2897.7
W37,1979-11-11,2873.3,2897.7
W37,1979-11-18,2857.3,2897.7
W37,1979-11-25,2832.8,2897.7
W37,1979-12-02,2818.5,2897.7
W37,1979-12-09,2843.0,2897.7
W37,1979-12-16,2863.1,2897.7
W37,1979-12-23,2838.6,2897.7
W37,1979-12-30,2827.4,2897.7
W38,1979-10-14,3050.13,3088.8
W38,1979-10-21,2991.26,3088.8
W38,1979-10-28,2966.63,3088.8
W38,1979-11-04,3079.93,3088.8
W38,1979-11-11,3027.55,3088.8
W38,1979-11-18,3046.13,3088.8
W38,1979-11-25,3052.31,3088.8
W38,1979-12-02,3028.4,3088.8
W38,1979-12-09,3042.15,3088.8
W38,1979-12-16,3060.21,3088.8
W38,1979-12-23,3044.19,3088.8
W38,1979-12-30,3005.94,3088.8
W38,1980-01-06,2999.31,3088.8
W39,1998-12-27,5820.04,5856.5121131871765
W39,1999-01-03,5811.86,5846.108860159198
W39,1999-01-10,5764.85,5842.60015209861
W39,1999-01-17,5774.63,5848.078257545315
W39,1999-01-24,5782.51,5878.1847984765
W39,1999-01-31,5729.81,5880.432943911815
W39,1999-02-07,5736.21,5888.973006848777
W39,1999-02-14,5784.8,5897.867380829658
W39,1999-02-21,5783.06,5906.088353258777
W39,1999-02-28,5742.76,5883.55007071537
W39,1999-03-07,5732.81,5876.399255127065
W39,1999-03-14,5730.19,5864.205034976566
W39,1999-03-21,5678.13,5882.027646786651
W4,2019-10-13,2336.56,2505.6403724254696
W4,2019-10-20,2373.14,2608.98731547004
W4,2019-10-27,2457.51,2715.168746668884
W4,2019-11-03,2586.0,2871.459826106596
W4,2019-11-10,2237.7,3017.3802396197825
W4,2019-11-17,2877.94,3202.75670573962
W4,2019-11-24,2497.74,3276.618055716994
W4,2019-12-01,3525.34,3349.1051088229406
W4,2019-12-08,3053.33,3420.96141703228
W4,2019-12-15,3151.07,3369.6699483926186
W4,2019-12-22,3425.79,3171.6929823814535
W4,2019-12-29,3505.61,2961.229725686161
W4,2020-01-05,4098.69,2750.6222801413237
W40,1998-12-27,5816.795,5848.248070115125
W40,1999-01-03,5807.545,5841.376625942331
W40,1999-01-10,5761.31,5835.918383322769
W40,1999-01-17,5766.93,5840.623308868005
W40,1999-01-24,5777.23,5868.84131219212
W40,1999-01-31,5727.54,5872.393297294575
W40,1999-02-07,5732.42,5880.88333171534
W40,1999-02-14,5780.82,5890.174065494584
W40,1999-02-21,5776.885,5891.41967247641
W40,1999-02-28,5739.61,5876.667923999473
W40,1999-03-07,5732.305,5871.388867150608
W40,1999-03-14,5721.025,5860.170354179768
W40,1999-03-21,5674.69,5875.767719184532
W41,1989-07-02,6138.53,6221.5870871294155
W41,1989-07-09,6046.39,6254.561095358339
W41,1989-07-16,6014.57,6221.240067876255
W41,1989-07-23,6020.12,6233.696260915454
W41,1989-07-30,6111.92,6260.312898748526
W41,1989-08-06,6065.35,6261.866826192388
W41,1989-08-13,6090.68,6299.370325187559
W41,1989-08-20,6170.24,6316.081916734337
W41,1989-08-27,6206.4,6366.812493335863
W41,1989-09-03,6161.53,6421.367365135847
W41,1989-09-10,6092.33,6376.680682208609
W41,1989-09-17,6028.87,6338.823709931974
W41,1989-09-24,6039.88,6342.774442079395
W42,1989-07-02,6145.38,6242.90481017395
W42,1989-07-09,6055.38,6261.157847771566
W42,1989-07-16,6021.96,6236.85503756978
W42,1989-07-23,6036.22,6243.0570177628515
W42,1989-07-30,6123.1,6274.2753040455955
W42,1989-08-06,6070.16,6287.384768616744
W42,1989-08-13,6098.74,6326.076511613682
W42,1989-08-20,6178.74,6326.674811745033
W42,1989-08-27,6219.68,6380.8955473682245
W42,1989-09-03,6168.3,6446.814658858235
W42,1989-09-10,6093.4,6414.97635755006
W42,1989-09-17,6048.22,6365.222675216717
W42,1989-09-24,6047.21,6366.2182731083185
W43,1989-07-02,6141.955,6232.279630387502
W43,1989-07-09,6050.885,6257.858229622642
W43,1989-07-16,6018.265,6229.080998976551
W43,1989-07-23,6028.17,6238.386256847466
W43,1989-07-30,6117.51,6267.333805380894
W43,1989-08-06,6067.755,6274.706927775755
W43,1989-08-13,6094.71,6312.816094142698
W43,1989-08-20,6174.49,6321.401498372859
W43,1989-08-27,6213.04,6373.862324333088
W43,1989-09-03,6164.915,6434.195129251838
W43,1989-09-10,6092.865,6396.005702018345
W43,1989-09-17,6038.545,6352.121164560545
W43,1989-09-24,6043.545,6354.562946651052
W44,1998-12-27,5813.55,5839.950746910413
W44,1999-01-03,5803.23,5836.627051525963
W44,1999-01-10,5757.77,5829.206058460032
W44,1999-01-17,5759.23,5833.141266140611
W44,1999-01-24,5771.95,5859.440637035456
W44,1999-01-31,5725.27,5864.314294424695
W44,1999-02-07,5728.63,5872.7612783504155
W44,1999-02-14,5776.84,5882.431209552288
W44,1999-02-21,5770.71,5876.642435686526
W44,1999-02-28,5736.46,5869.743820427912
W44,1999-03-07,5731.8,5866.355618194002
W44,1999-03-14,5711.86,5856.122239672386
W44,1999-03-21,5671.25,5869.482372453633
W45,1994-08-07,2934.68,2930.711926526733
W45,1994-08-14,2967.95,2938.519737865248
W45,1994-08-21,3071.57,2943.4569939288663
W45,1994-08-28,3101.51,2940.5376323063447
W45,1994-09-04,3101.51,2934.763725084284
W45,1994-09-11,3136.93,2949.2085396751313
W45,1994-09-18,3189.06,2946.3091560172716
W45,1994-09-25,3165.62,2946.909489339494
W45,1994-10-02,3069.02,2947.9560520515633
W45,1994-10-09,2990.9,2947.6689340905145
W45,1994-10-16,2965.64,2970.979410467019
W45,1994-10-23,2997.27,2972.358010188436
W45,1994-10-30,3001.98,2964.133282143872
W46,1989-06-18,3156.835,3294.0728225680677
W46,1989-06-25,3088.77,3281.8453091025917
W46,1989-07-02,3129.65,3276.577524087682
W46,1989-07-09,3163.045,3272.7406350984284
W46,1989-07-16,3114.31,3296.8384761968373
W46,1989-07-23,3110.356,3296.7292677882538
W46,1989-07-30,3123.937,3303.846853896991
W46,1989-08-06,3136.711,3294.04833495111
W46,1989-08-13,3158.378,3294.857900386933
W46,1989-08-20,3095.771,3320.5710659177225
W46,1989-08-27,3042.689,3324.8109159926394
W46,1989-09-03,3026.794,3327.2759686226104
W46,1989-09-10,3062.599,3307.4018780366446
W47,1994-08-07,2933.38,2929.382006530172
W47,1994-08-14,2967.36,2937.144868168015
W47,1994-08-21,3070.66,2942.2470770464056
W47,1994-08-28,3098.73,2939.2217007849517
W47,1994-09-04,3098.73,2932.942080082011
W47,1994-09-11,3134.37,2947.819844661832
W47,1994-09-18,3186.88,2944.831065997697
W47,1994-09-25,3164.56,2945.345402825837
W47,1994-10-02,3067.65,2946.799631336638
W47,1994-10-09,2988.52,2946.545926349787
W47,1994-10-16,2963.47,2969.8531874933606
W47,1994-10-23,2994.78,2970.975278476382
W47,1994-10-30,2999.43,2963.0328757859807
W48,1994-10-16,2964.555,3013.355778040361
W48,1994-10-23,2996.025,3014.624237095551
W48,1994-10-30,3000.705,3006.423802839211
W48,1994-11-06,2941.08,3009.934597934159
W48,1994-11-13,2935.96,3004.0903788765686
W48,1994-11-20,2938.24,3013.992785655936
W48,1994-11-27,2936.72,3014.3464382945986
W48,1994-12-04,2936.66,3017.6066063319704
W48,1994-12-11,2882.2,3021.8659144636677
W48,1994-12-18,2862.63,3012.554772411841
W48,1994-12-25,2867.64,3024.008454596873
W48,1995-01-01,2875.68,3016.5779052145267
W48,1995-01-08,2871.67,3015.2948207456348
W49,1989-04-16,3193.28,3222.767715610935
W49,1989-04-23,3248.07,3232.768953323679
W49,1989-04-30,3406.28,3238.3020648446454
W49,1989-05-07,3378.86,3217.56191054297
W49,1989-05-14,3335.78,3210.280430676783
W49,1989-05-21,3331.52,3205.833659222285
W49,1989-05-28,3375.54,3199.1967162892724
W49,1989-06-04,3365.51,3204.7493320507742
W49,1989-06-11,3264.59,3195.055940790507
W49,1989-06-18,3155.58,3223.373110099146
W49,1989-06-25,3087.64,3211.4020134269886
W49,1989-07-02,3128.35,3206.3233119865986
W49,1989-07-09,3161.7,3202.5146535195054
W5,2000-09-24,1499.0,1637.1734745955782
W5,2000-10-01,1734.0,1605.2890363387594
W5,2000-10-08,1391.0,1763.6499952089328
W5,2000-10-15,1833.0,1863.9191459995934
W5,2000-10-22,1637.0,1750.644709631947
W5,2000-10-29,2122.0,2039.7498165084835
W5,2000-11-05,1757.0,2349.9200907049094
W5,2000-11-12,2079.0,2322.6888439906115
W5,2000-11-19,2477.0,2029.395017379253
W5,2000-11-26,1957.0,1672.7917944408446
W5,2000-12-03,1907.0,1454.2113287309949
W5,2000-12-10,1752.0,1340.1823757228688
W5,2000-12-17,1330.0,1282.081857131345
W50,1989-04-16,3194.69,3224.6456489220577
W50,1989-04-23,3248.72,3234.4016773528742
W50,1989-04-30,3407.29,3239.937356892688
W50,1989-05-07,3381.89,3219.03420374046
W50,1989-05-14,3338.78,3212.244534163787
W50,1989-05-21,3334.24,3207.338313339259
W50,1989-05-28,3377.85,3200.5710456187535
W50,1989-06-04,3366.64,3206.541783417757
W50,1989-06-11,3266.05,3196.7273311572126
W50,1989-06-18,3158.09,3224.7144547826792
W50,1989-06-25,3089.9,3212.8676018990304
W50,1989-07-02,3130.95,3207.610436201032
W50,1989-07-09,3164.39,3203.719103085204
W51,1989-08-20,6549.4,6544.334214260624
W51,1989-08-27,6749.6,6548.029872798796
W51,1989-09-03,6672.9,6561.208086364752
W51,1989-09-10,6664.1,6531.854565653163
W51,1989-09-17,6601.3,6509.700571092076
W51,1989-09-24,6601.8,6469.102491048602
W51,1989-10-01,6483.1,6460.932928520821
W51,1989-10-08,6488.7,6505.1085545648075
W51,1989-10-15,6431.8,6511.135317620246
W51,1989-10-22,6468.2,6510.976791749066
W51,1989-10-29,6418.9,6519.439451234219
W51,1989-11-05,6383.5,6526.149696777749
W51,1989-11-12,6403.6,6514.219436358038
W52,1989-08-27,6980.8,7081.656046331641
W52,1989-09-03,7049.9,7058.674642455659
W52,1989-09-10,6985.1,7043.17790241346
W52,1989-09-17,7060.9,7033.325903048106
W52,1989-09-24,7021.9,6992.460371655854
W52,1989-10-01,7015.0,7016.3661238851955
W52,1989-10-08,6921.2,6992.154457649436
W52,1989-10-15,6940.5,7073.655158949384
W52,1989-10-22,6942.0,7044.786921692106
W52,1989-10-29,6894.3,7020.63243121053
W52,1989-11-05,6783.9,6999.806802420767
W52,1989-11-12,6801.8,7018.120147036935
W52,1989-11-19,6773.4,6993.345616044849
W53,1993-02-21,1915.5,1927.7212345162084
W53,1993-02-28,1845.1,2004.0615782240845
W53,1993-03-07,1867.4,1949.664928452713
W53,1993-03-14,2142.0,1958.8478750678
W53,1993-03-21,2309.8,1937.6860768387485
W53,1993-03-28,2248.6,1927.0310240769654
W53,1993-04-04,2182.6,2006.856301203957
W53,1993-04-11,2050.6,2085.0848524447397
W53,1993-04-18,1986.8,2104.154351780379
W53,1993-04-25,1865.6,2058.665665559664
W53,1993-05-02,1912.3,1992.1917407144538
W53,1993-05-09,1982.7,1953.5536680363434
W53,1993-05-16,1933.5,1874.7402836980443
W54,1985-10-20,2483.0,2498.7352232509497
W54,1985-10-27,2491.0,2505.2143532527402
W54,1985-11-03,2474.0,2495.146258324932
W54,1985-11-10,2491.0,2490.503849326281
W54,1985-11-17,2483.0,2490.7060914346234
W54,1985-11-24,2460.0,2509.763859851567
W54,1985-12-01,2473.0,2512.619807399961
W54,1985-12-08,2448.0,2536.3129616224965
W54,1985-12-15,2429.0,2556.7149857359777
W54,1985-12-22,2411.0,2563.906096388949
W54,1985-12-29,2434.0,2574.431288955078
W54,1986-01-05,2445.0,2564.222645065304
W54,1986-01-12,2439.0,2554.2022623758344
W55,2000-10-22,5056.0,4995.932199854256
W55,2000-10-29,4936.0,4997.410478410106
W55,2000-11-05,4551.0,4925.358414840786
W55,2000-11-12,4461.0,4843.027224442958
W55,2000-11-19,4515.0,4820.026969041445
W55,2000-11-26,4725.0,4821.843423339234
W55,2000-12-03,4863.0,4845.585409084847
W55,2000-12-10,5097.0,4821.624189863017
W55,2000-12-17,5191.0,4805.53155041866
W55,2000-12-24,5195.0,4835.7422735368355
W55,2000-12-31,5328.0,4837.726987646663
W55,2001-01-07,5342.0,4807.76507872809
W55,2001-01-14,5207.0,4746.507672564773
W56,1991-08-18,3030.0,3050.954816314444
W56,1991-08-25,3099.0,3131.433728167859
W56,1991-09-01,3193.0,3212.8304316113886
W56,1991-09-08,3261.0,3295.647153662471
W56,1991-09-15,3334.0,3371.7961712888605
W56,1991-09-22,3440.0,3447.6140062766735
W56,1991-09-29,3538.0,3524.5132198953456
W56,1991-10-06,3633.0,3588.2852296834485
W56,1991-10-13,3733.0,3638.726789010983
W56,1991-10-20,3814.0,3669.865915000538
W56,1991-10-27,3877.0,3678.2681501358265
W56,1991-11-03,3929.0,3668.1805100128513
W56,1991-11-10,3978.0,3642.4448060472296
W57,1977-01-02,2070.0,2070.195837154728
W57,1977-01-09,1970.0,1971.075142568852
W57,1977-01-16,1830.0,1878.0417627002798
W57,1977-01-23,1730.0,1809.7127822156363
W57,1977-01-30,1640.0,1739.2361178003048
W57,1977-02-06,1550.0,1656.316679941817
W57,1977-02-13,1500.0,1601.4225262561754
W57,1977-02-20,1460.0,1539.4370868533902
W57,1977-02-27,1460.0,1466.8339685068959
W57,1977-03-06,1390.0,1415.1743089185018
W57,1977-03-13,1370.0,1402.5198163804266
W57,1977-03-20,1370.0,1386.0133093918996
W57,1977-03-27,1410.0,1377.8903933111872
W58,1982-09-05,3485.0,3386.546416511422
W58,1982-09-12,3651.0,3316.0454555945603
W58,1982-09-19,3681.0,3304.258862190998
W58,1982-09-26,3704.0,3281.1168261722064
W58,1982-10-03,3737.0,3293.562120630607
W58,1982-10-10,3907.0,3348.6752690679887
W58,1982-10-17,3747.0,3395.7669424184096
W58,1982-10-24,3820.0,3412.7203451307137
W58,1982-10-31,3842.0,3380.8709421020712
W58,1982-11-07,3649.0,3342.002174024352
W58,1982-11-14,3414.0,3295.834207467698
W58,1982-11-21,3116.0,3280.326683771837
W58,1982-11-28,2984.0,3302.041044691137
W59,1976-08-01,2350.0,2690.0
W59,1976-08-08,2040.0,2690.0
W59,1976-08-15,2030.0,2690.0
W59,1976-08-22,1600.0,2690.0
W59,1976-08-29,1160.0,2690.0
W59,1976-09-05,2140.0,2690.0
W59,1976-09-12,2780.0,2690.0
W59,1976-09-19,1910.0,2690.0
W59,1976-09-26,2180.0,2690.0
W59,1976-10-03,2170.0,2690.0
W59,1976-10-10,2010.0,2690.0
W59,1976-10-17,1690.0,2690.0
W59,1976-10-24,1880.0,2690.0
W6,2000-09-17,502.0,505.9830759423553
W6,2000-09-24,568.0,560.8071094888969
W6,2000-10-01,528.0,563.7761381300551
W6,2000-10-08,632.0,668.0627356696046
W6,2000-10-15,606.0,788.0894716850735
W6,2000-10-22,785.0,910.9052405739715
W6,2000-10-29,779.0,1004.2243993236012
W6,2000-11-05,834.0,848.262129623032
W6,2000-11-12,906.0,815.7266314581288
W6,2000-11-19,1372.0,732.9507007719798
W6,2000-11-26,1080.0,649.8383943211195
W6,2000-12-03,938.0,598.5079518239796
W6,2000-12-10,752.0,549.5591151835364
W60,2013-10-13,9160.47,9028.75372587627
W60,2013-10-20,9180.81,9023.851786228608
W60,2013-10-27,9257.59,9015.145596059443
W60,2013-11-03,9244.22,9043.583347333057
W60,2013-11-10,9195.97,9052.375414445572
W60,2013-11-17,9383.28,9038.47106828076
W60,2013-11-24,9480.43,9032.884950668455
W60,2013-12-01,9506.87,9039.50667390883
W60,2013-12-08,9431.19,9040.910914276668
W60,2013-12-15,9450.03,9053.074090907941
W60,2013-12-22,9630.17,9049.694346473723
W60,2013-12-29,9660.81,9045.680445216734
W60,2014-01-05,9601.98,9067.333223348074
W61,2002-09-08,10128.3,10121.13406087983
W61,2002-09-15,10802.8,10369.904153214178
W61,2002-09-22,10802.8,10356.265577196387
W61,2002-09-29,10971.1,10160.060588000299
W61,2002-10-06,10971.1,10153.141969647191
W61,2002-10-13,10436.8,10499.298342181633
W61,2002-10-20,10436.8,10485.277660239368
W61,2002-10-27,11025.5,10094.391657498138
W61,2002-11-03,11025.5,10085.817815521636
W61,2002-11-10,10135.8,10025.488150304553
W61,2002-11-17,10135.8,10015.28520652032
W61,2002-11-24,10934.7,9451.062989442853
W61,2002-12-01,10934.7,9437.841541209387
W62,2011-10-09,7208.8,7229.893803769728
W62,2011-10-16,7061.6,7268.558962129191
W62,2011-10-23,7061.6,7304.713156379613
W62,2011-10-30,7018.9,7309.304012169228
W62,2011-11-06,7018.9,7291.596441531879
W62,2011-11-13,7157.6,7430.337360875563
W62,2011-11-20,7157.6,7431.379166186568
W62,2011-11-27,7144.4,7692.407670248535
W62,2011-12-04,7144.4,7663.352678520689
W62,2011-12-11,7536.5,7775.409568108812
W62,2011-12-18,7536.5,7723.1307202486
W62,2011-12-25,7620.1,7843.597065840045
W62,2012-01-01,7620.1,7713.271938333138
W63,2011-10-09,6062.1,6091.410920688839
W63,2011-10-16,6110.6,6142.118573388871
W63,2011-10-23,6110.6,6176.906856552106
W63,2011-10-30,6119.9,6147.476531425974
W63,2011-11-06,6119.9,6132.040904490277
W63,2011-11-13,6115.9,6307.5859409060995
W63,2011-11-20,6115.9,6312.097744186839
W63,2011-11-27,6194.7,6409.304725717163
W63,2011-12-04,6194.7,6367.839754532383
W63,2011-12-11,6386.4,6531.850427238685
W63,2011-12-18,6386.4,6487.009485995695
W63,2011-12-25,6649.3,6475.720140275574
W63,2012-01-01,6649.3,6364.083292559148
W64,2011-10-02,14834.0,13890.972388998089
W64,2011-10-09,12734.0,14169.61497185332
W64,2011-10-16,12772.0,14443.541039064312
W64,2011-10-23,13825.0,14369.241702076337
W64,2011-10-30,15080.0,14295.878055789643
W64,2011-11-06,12824.0,14333.081080004511
W64,2011-11-13,12879.0,14761.817820420238
W64,2011-11-20,13769.0,14782.76606437984
W64,2011-11-27,14767.0,14721.790315127622
W64,2011-12-04,13645.0,14595.852108978232
W64,2011-12-11,12832.0,14865.232639785132
W64,2011-12-18,13629.0,14748.313237834907
W64,2011-12-25,15073.0,14326.062366205579
W65,2011-10-02,20461.0,19390.959728518115
W65,2011-10-09,17999.0,19665.81086889572
W65,2011-10-16,18027.0,19940.46406475977
W65,2011-10-23,19270.0,19904.383612439062
W65,2011-10-30,20726.0,19824.55438145289
W65,2011-11-06,18118.0,19821.781314517935
W65,2011-11-13,18144.0,20247.643754376873
W65,2011-11-20,19242.0,20319.49379758579
W65,2011-11-27,20438.0,20287.860731703073
W65,2011-12-04,19136.0,20172.469890270375
W65,2011-12-11,18135.0,20469.217985710115
W65,2011-12-18,19163.0,20385.33728528454
W65,2011-12-25,20871.0,19993.961684136404
W66,2011-10-02,7318.7,7305.202932548082
W66,2011-10-09,7580.2,7278.015700944917
W66,2011-10-16,7605.2,7273.803946905669
W66,2011-10-23,7418.2,7284.92347074916
W66,2011-10-30,7320.8,7300.188377917057
W66,2011-11-06,7633.4,7313.956405516406
W66,2011-11-13,7663.4,7316.781115112241
W66,2011-11-20,7564.1,7329.160578720587
W66,2011-11-27,7418.4,7363.700039025559
W66,2011-12-04,7616.0,7373.637099553792
W66,2011-12-11,7729.0,7354.92367399643
W66,2011-12-18,7645.0,7356.344613434207
W66,2011-12-25,7464.2,7360.122381148802
W67,1995-02-19,13361.0,13311.650483145435
W67,1995-02-26,13641.0,13300.494760752214
W67,1995-03-05,13485.0,13338.189136052251
W67,1995-03-12,13635.0,13354.759444164149
W67,1995-03-19,13869.0,13342.094366510946
W67,1995-03-26,13787.0,13332.00466607494
W67,1995-04-02,13846.0,13359.794506575747
W67,1995-04-09,13810.0,13368.384826222768
W67,1995-04-16,13958.0,13359.602393189716
W67,1995-04-23,13995.0,13351.298548245097
W67,1995-04-30,13987.0,13373.311675528545
W67,1995-05-07,14185.0,13380.768998322657
W67,1995-05-14,14413.0,13354.26398424746
W68,1982-07-11,6925.91,6893.469487860736
W68,1982-07-18,6949.42,6877.40284679487
W68,1982-07-25,6997.28,6859.230063404442
W68,1982-08-01,7002.45,6827.321611223038
W68,1982-08-08,6998.8,6802.991873358578
W68,1982-08-15,6970.53,6765.845348951496
W68,1982-08-22,7019.43,6770.106417977762
W68,1982-08-29,7039.14,6739.385957713014
W68,1982-09-05,7041.96,6731.429002231336
W68,1982-09-12,6974.79,6724.7191727910795
W68,1982-09-19,6967.61,6690.273783388472
W68,1982-09-26,6968.64,6648.117800591892
W68,1982-10-03,6957.49,6660.838453785508
W69,1979-09-02,6930.32,6919.978828771669
W69,1979-09-09,6983.87,6893.9196151795895
W69,1979-09-16,7009.79,6846.147615901924
W69,1979-09-23,7004.0,6829.637651755155
W69,1979-09-30,7003.5,6785.441366900263
W69,1979-10-07,6971.28,6787.4530032073935
W69,1979-10-14,7036.53,6755.30912057047
W69,1979-10-21,7049.97,6720.743238517747
W69,1979-10-28,7035.15,6690.788027022519
W69,1979-11-04,6965.37,6733.0777015492895
W69,1979-11-11,6967.94,6700.506276606478
W69,1979-11-18,6962.49,6685.474330728405
W69,1979-11-25,6960.41,6712.121489398869
W7,2000-09-24,3117.0,3156.8831452431386
W7,2000-10-01,2579.0,3395.250604358139
W7,2000-10-08,3199.0,3360.9245929439267
W7,2000-10-15,1716.0,3397.6793677605465
W7,2000-10-22,4558.0,4517.861182392643
W7,2000-10-29,3001.0,5950.6131771163255
W7,2000-11-05,3263.0,6124.717239772306
W7,2000-11-12,3110.0,5580.806123219176
W7,2000-11-19,5899.0,4864.261738404922
W7,2000-11-26,7148.0,3980.665431621783
W7,2000-12-03,4048.0,3287.864385317472
W7,2000-12-10,2707.0,3016.85161498836
W7,2000-12-17,2579.0,2824.0921688365165
W70,1979-04-15,2612.74,2593.4158019960814
W70,1979-04-22,2607.29,2584.258853300897
W70,1979-04-29,2583.84,2582.1179759135603
W70,1979-05-06,2601.24,2587.248545544495
W70,1979-05-13,2597.5,2577.269844157082
W70,1979-05-20,2591.6,2571.4170026482802
W70,1979-05-27,2648.13,2590.4046769262304
W70,1979-06-03,2649.71,2589.2454421798834
W70,1979-06-10,2654.19,2585.5432339069116
W70,1979-06-17,2655.63,2582.6946125917357
W70,1979-06-24,2614.58,2567.4781106582304
W70,1979-07-01,2613.64,2567.157780753132
W70,1979-07-08,2614.93,2570.037172421465
W71,1979-05-06,1930.0,1937.327203948815
W71,1979-05-13,1927.0,1933.0683416769818
W71,1979-05-20,1927.0,1940.3414249837595
W71,1979-05-27,1907.0,1929.2988648018893
W71,1979-06-03,1906.0,1936.8191936153803
W71,1979-06-10,1903.0,1971.545141586126
W71,1979-06-17,1903.0,1977.2311129002853
W71,1979-06-24,1902.0,1955.742143831562
W71,1979-07-01,1897.0,1962.1231891104642
W71,1979-07-08,1897.0,1959.3258139166123
W71,1979-07-15,1896.0,1962.347299138634
W71,1979-07-22,1893.0,1985.1492903209582
W71,1979-07-29,1892.0,1997.5751590279644
W72,1979-05-06,1930.0,1936.5259631612348
W72,1979-05-13,1927.0,1935.0946194867784
W72,1979-05-20,1927.0,1942.2326205844804
W72,1979-05-27,1907.0,1930.8994234031602
W72,1979-06-03,1906.0,1938.3841442786193
W72,1979-06-10,1903.0,1973.050776613772
W72,1979-06-17,1903.0,1978.5342074284706
W72,1979-06-24,1902.0,1958.3017392866063
W72,1979-07-01,1897.0,1965.1354251114808
W72,1979-07-08,1897.0,1960.977384196873
W72,1979-07-15,1896.0,1966.0737555820328
W72,1979-07-22,1893.0,1988.360494624552
W72,1979-07-29,1892.0,1994.0213646325117
W73,1979-05-06,1930.0,1936.525875251413
W73,1979-05-13,1927.0,1935.0944204658092
W73,1979-05-20,1927.0,1942.2692215769418
W73,1979-05-27,1907.0,1930.9553686219342
W73,1979-06-03,1906.0,1938.3837369815385
W73,1979-06-10,1903.0,1973.0508128822748
W73,1979-06-17,1903.0,1978.5340663287652
W73,1979-06-24,1902.0,1958.3065680868058
W73,1979-07-01,1897.0,1965.1397937870775
W73,1979-07-08,1897.0,1960.9167515204738
W73,1979-07-15,1896.0,1966.1964577488898
W73,1979-07-22,1893.0,1988.3646996389984
W73,1979-07-29,1892.0,1994.0054942197112
W74,1983-10-30,4494.5,5972.34633329677
W74,1983-11-06,3936.22,6013.031951507525
W74,1983-11-13,4013.09,6012.889596997838
W74,1983-11-20,3951.31,6137.310668993451
W74,1983-11-27,3701.88,5794.1785105375675
W74,1983-12-04,3380.45,5787.661523159554
W74,1983-12-11,3652.31,5928.869514263143
W74,1983-12-18,3893.49,5750.19858442114
W74,1983-12-25,4156.82,5722.049881803923
W74,1984-01-01,4353.71,5946.799682361653
W74,1984-01-08,4927.72,6273.9322479023185
W74,1984-01-15,5405.49,6751.917031108547
W74,1984-01-22,6528.25,6458.891103831203
W75,1983-10-30,23442.9,23971.768076978504
W75,1983-11-06,23935.8,23911.534515037685
W75,1983-11-13,24274.4,24961.06392638839
W75,1983-11-20,23870.6,24199.452382837902
W75,1983-11-27,23235.6,23975.186155166026
W75,1983-12-04,23930.5,23924.04511830706
W75,1983-12-11,25498.8,23708.546498934982
W75,1983-12-18,25416.7,22903.74238605744
W75,1983-12-25,23773.6,23459.31095625496
W75,1984-01-01,25931.8,25525.636513051646
W75,1984-01-08,25269.5,25121.83244204721
W75,1984-01-15,24984.5,25097.687179384062
W75,1984-01-22,25674.5,24009.262620519945
W76,1974-09-29,440.0,440.0
W76,1974-10-06,440.0,440.0
W76,1974-10-13,440.0,440.0
W76,1974-10-20,440.0,440.0
W76,1974-10-27,440.0,440.0
W76,1974-11-03,440.0,440.0
W76,1974-11-10,440.0,440.0
W76,1974-11-17,440.0,440.0
W76,1974-11-24,240.0,440.0
W76,1974-12-01,240.0,440.0
W76,1974-12-08,240.0,440.0
W76,1974-12-15,240.0,440.0
W76,1974-12-22,240.0,440.0
W77,1983-10-30,3977.66,3926.51
W77,1983-11-06,4541.82,3926.51
W77,1983-11-13,5291.64,3926.51
W77,1983-11-20,4690.9,3926.51
W77,1983-11-27,4198.24,3926.51
W77,1983-12-04,4610.46,3926.51
W77,1983-12-11,4725.98,3926.51
W77,1983-12-18,4681.88,3926.51
W77,1983-12-25,3926.7,3926.51
W77,1984-01-01,3826.87,3926.51
W77,1984-01-08,4457.07,3926.51
W77,1984-01-15,4650.71,3926.51
W77,1984-01-22,4440.09,3926.51
W78,1983-10-30,3923.9,3833.74
W78,1983-11-06,4525.96,3833.74
W78,1983-11-13,5268.49,3833.74
W78,1983-11-20,4149.73,3833.74
W78,1983-11-27,4106.37,3833.74
W78,1983-12-04,4300.7,3833.74
W78,1983-12-11,4930.68,3833.74
W78,1983-12-18,4726.57,3833.74
W78,1983-12-25,3929.57,3833.74
W78,1984-01-01,4190.49,3833.74
W78,1984-01-08,4428.39,3833.74
W78,1984-01-15,4249.56,3833.74
W78,1984-01-22,4221.58,3833.74
W79,1983-10-30,1560.0,1477.2794856438484
W79,1983-11-06,1720.0,1438.6708190260247
W79,1983-11-13,1770.0,1430.185405277886
W79,1983-11-20,1820.0,1398.4647912425467
W79,1983-11-27,1860.0,1367.6624675670018
W79,1983-12-04,1930.0,1360.7595630806713
W79,1983-12-11,1790.0,1349.137223040925
W79,1983-12-18,1660.0,1368.9431739734282
W79,1983-12-25,1620.0,1373.7412932464238
W79,1984-01-01,1600.0,1392.0084188993362
W79,1984-01-08,1590.0,1436.375343921631
W79,1984-01-15,1640.0,1467.329569023091
W79,1984-01-22,1670.0,1492.66141163353
W8,2001-02-11,3430.0,3412.485243855365
W8,2001-02-18,2870.0,3719.8778857841653
W8,2001-02-25,4620.0,4295.414566061336
W8,2001-03-04,4890.0,4374.275852678334
W8,2001-03-11,7470.0,4873.000054540114
W8,2001-03-18,6960.0,4740.997896450216
W8,2001-03-25,6430.0,4199.373344898891
W8,2001-04-01,3970.0,3857.943376467727
W8,2001-04-08,3650.0,3721.1931835731557
W8,2001-04-15,5730.0,3568.465016326002
W8,2001-04-22,4500.0,2999.9205390993575
W8,2001-04-29,2870.0,2702.0250922938717
W8,2001-05-06,3270.0,2457.3495710516295
W80,1983-10-30,1720.0,1485.4318264583956
W80,1983-11-06,1760.0,1478.8945067712882
W80,1983-11-13,1810.0,1448.3066060571425
W80,1983-11-20,1840.0,1411.341403216898
W80,1983-11-27,1950.0,1406.5291439426023
W80,1983-12-04,1820.0,1388.7500771648442
W80,1983-12-11,1670.0,1411.4184508892608
W80,1983-12-18,1620.0,1415.5849264742571
W80,1983-12-25,1600.0,1429.7268287795755
W80,1984-01-01,1580.0,1477.7912165856549
W80,1984-01-08,1640.0,1510.644143105826
W80,1984-01-15,1660.0,1532.2335114426553
W80,1984-01-22,1760.0,1582.4287736392614
W81,1983-10-30,23057.9,24763.17741274964
W81,1983-11-06,24044.6,24889.054427117368
W81,1983-11-13,23942.2,25139.198218155325
W81,1983-11-20,23970.5,25332.35831236996
W81,1983-11-27,23519.0,24726.13038247234
W81,1983-12-04,23811.9,24585.302681964717
W81,1983-12-11,24756.7,24620.95759824671
W81,1983-12-18,24982.2,23799.611547124565
W81,1983-12-25,24388.4,23979.742129926297
W81,1984-01-01,24379.1,25564.732464379787
W81,1984-01-08,25518.2,26076.72454246559
W81,1984-01-15,24728.0,26480.41262716637
W81,1984-01-22,25659.7,25123.013297124315
W82,1995-11-26,4417.421,4445.438313092408
W82,1995-12-03,4434.675,4446.3333074504935
W82,1995-12-10,4430.035,4472.402869765844
W82,1995-12-17,4412.757,4484.609366486354
W82,1995-12-24,4414.728,4498.470816488347
W82,1995-12-31,4419.787,4486.994446225169
W82,1996-01-07,4422.151,4500.721745955994
W82,1996-01-14,4410.932,4522.4906749844495
W82,1996-01-21,4409.458,4549.21786153481
W82,1996-01-28,4417.371,4546.201408470159
W82,1996-02-04,4423.566,4517.577713492709
W82,1996-02-11,4427.224,4461.740152422681
W82,1996-02-18,4414.39,4449.785792913243
W83,1979-04-15,6001.5,6019.461903228414
W83,1979-04-22,5974.5,6089.197035054004
W83,1979-04-29,5931.6,6097.032878038787
W83,1979-05-06,6028.6,6039.670017792881
W83,1979-05-13,6053.0,6043.300371786696
W83,1979-05-20,6064.0,6043.3891714937245
W83,1979-05-27,6017.2,6026.8529576805395
W83,1979-06-03,5972.1,5983.708131433654
W83,1979-06-10,5997.6,5944.830818894221
W83,1979-06-17,5991.1,5994.565312090774
W83,1979-06-24,5939.8,5907.220201211043
W83,1979-07-01,5939.5,5881.086848202384
W83,1979-07-08,5940.6,5863.819924430623
W84,1979-04-15,6016.7,6032.4495733313315
W84,1979-04-22,5923.8,6065.828273944003
W84,1979-04-29,5945.0,6018.51238760408
W84,1979-05-06,6050.1,6014.430288676412
W84,1979-05-13,6069.5,6007.928599488905
W84,1979-05-20,6022.3,6046.08662680839
W84,1979-05-27,5944.7,5978.275496933004
W84,1979-06-03,5985.6,5961.36594483286
W84,1979-06-10,5996.0,5941.348894100557
W84,1979-06-17,5978.0,5972.5120684513195
W84,1979-06-24,5937.4,5871.615958951138
W84,1979-07-01,5937.5,5851.0761288165495
W84,1979-07-08,5944.0,5825.986820439851
W85,1983-10-30,17289.0,17261.414417047035
W85,1983-11-06,17312.0,17226.74001511264
W85,1983-11-13,17335.0,17245.55678465936
W85,1983-11-20,17364.0,17273.59961169606
W85,1983-11-27,17429.0,17239.711079470337
W85,1983-12-04,17501.0,17255.142922627416
W85,1983-12-11,17567.0,17281.330976339064
W85,1983-12-18,17632.0,17219.54940892181
W85,1983-12-25,17683.0,17144.904116548943
W85,1984-01-01,17718.0,17080.291434201077
W85,1984-01-08,17753.0,16994.804488299706
W85,1984-01-15,17791.0,16884.078204339476
W85,1984-01-22,17808.0,16650.226339303037
W86,1983-10-30,17297.0,17242.46209169195
W86,1983-11-06,17320.0,17244.370177062814
W86,1983-11-13,17344.0,17271.415940142277
W86,1983-11-20,17385.0,17285.938191157355
W86,1983-11-27,17454.0,17265.030359071745
W86,1983-12-04,17522.0,17324.345703477724
W86,1983-12-11,17601.0,17274.199959216534
W86,1983-12-18,17661.0,17198.354782368573
W86,1983-12-25,17696.0,17150.461147854843
W86,1984-01-01,17731.0,17074.06106437139
W86,1984-01-08,17766.0,16963.189006542547
W86,1984-01-15,17801.0,16861.364360442174
W86,1984-01-22,17791.0,16394.743258994244
W87,1977-04-10,1094.56,1084.39
W87,1977-04-17,1094.52,1084.39
W87,1977-04-24,1092.83,1084.39
W87,1977-05-01,1091.55,1084.39
W87,1977-05-08,1098.78,1084.39
W87,1977-05-15,1099.02,1084.39
W87,1977-05-22,1096.83,1084.39
W87,1977-05-29,1093.89,1084.39
W87,1977-06-05,1089.57,1084.39
W87,1977-06-12,1099.3,1084.39
W87,1977-06-19,1098.45,1084.39
W87,1977-06-26,1095.05,1084.39
W87,1977-07-03,1088.79,1084.39
W88,2013-10-06,12154.01,11996.11513433468
W88,2013-10-13,12042.04,12013.67943202283
W88,2013-10-20,12027.43,12039.427656923868
W88,2013-10-27,11998.81,12049.882985156124
W88,2013-11-03,12089.79,12080.489186279243
W88,2013-11-10,12025.85,12132.11212908288
W88,2013-11-17,12079.76,12112.330154897601
W88,2013-11-24,12053.18,12139.097085364161
W88,2013-12-01,12179.34,12090.105630056045
W88,2013-12-08,12133.8,12038.092930167913
W88,2013-12-15,12093.14,12000.699375879385
W88,2013-12-22,12163.75,11959.102501104655
W88,2013-12-29,12117.78,11896.510059857237
W89,1990-01-07,1185.62,1168.543306962211
W89,1990-01-14,1180.63,1186.3652643193377
W89,1990-01-21,1201.97,1178.9911058110383
W89,1990-01-28,1132.26,1180.9909638308484
W89,1990-02-04,1087.99,1178.4692359862077
W89,1990-02-11,1095.31,1190.089488661704
W89,1990-02-18,1151.72,1157.322032504871
W89,1990-02-25,1115.15,1162.503490099822
W89,1990-03-04,1107.33,1168.0826861908706
W89,1990-03-11,1089.42,1183.6656711901123
W89,1990-03-18,1084.26,1172.6217531237794
W89,1990-03-25,1103.96,1148.7165755580543
W89,1990-04-01,1071.63,1143.5927370886413
W9,2000-09-24,8100.0,8017.849008884214
W9,2000-10-01,7481.0,7979.642910944637
W9,2000-10-08,8953.0,8329.818985875194
W9,2000-10-15,8087.0,8251.082238391626
W9,2000-10-22,9724.0,8594.117116794268
W9,2000-10-29,8993.0,8657.681931725101
W9,2000-11-05,10011.0,8836.08433598419
W9,2000-11-12,9705.0,8537.09768931378
W9,2000-11-19,8397.0,8286.510160483034
W9,2000-11-26,7560.0,7927.386127005478
W9,2000-12-03,8669.0,7302.014426754812
W9,2000-12-10,7574.0,6867.161881037944
W9,2000-12-17,7106.0,6551.134491519806
W90,1990-01-07,1828.128,1837.4987208460389
W90,1990-01-14,1861.782,1843.5548238115223
W90,1990-01-21,1872.236,1844.52265301653
W90,1990-01-28,1854.954,1841.7096715724595
W90,1990-02-04,1852.089,1843.2339729214075
W90,1990-02-11,1854.091,1844.289537428652
W90,1990-02-18,1868.669,1837.4343003635333
W90,1990-02-25,1893.618,1844.5749060540331
W90,1990-03-04,1859.457,1855.3078427380754
W90,1990-03-11,1860.784,1852.2163665771861
W90,1990-03-18,1871.368,1835.631180280528
W90,1990-03-25,1829.142,1833.6994209376433
W90,1990-04-01,1818.838,1827.1614560170547
W91,2013-10-06,19466.9,19401.513335847154
W91,2013-10-13,19798.45,19436.85041013369
W91,2013-10-20,19924.33,19426.5583819576
W91,2013-10-27,19681.8,19451.55066385885
W91,2013-11-03,19608.88,19417.232331225987
W91,2013-11-10,19636.22,19464.793022114492
W91,2013-11-17,19838.41,19392.463865517675
W91,2013-11-24,20051.33,19531.53323737323
W91,2013-12-01,19701.9,19458.204297507076
W91,2013-12-08,19697.26,19462.92745243246
W91,2013-12-15,19797.94,19284.46720250166
W91,2013-12-22,19395.38,19440.69042751967
W91,2013-12-29,19260.01,19317.496668636457
W92,2013-10-06,21837.03,22187.808552863753
W92,2013-10-13,22832.08,22256.92572037785
W92,2013-10-20,22198.61,22478.39227982768
W92,2013-10-27,22399.36,22722.018674006795
W92,2013-11-03,22658.55,22876.798799749733
W92,2013-11-10,22969.77,23170.72226496451
W92,2013-11-17,22908.66,23177.531013712385
W92,2013-11-24,22311.88,23531.534668551045
W92,2013-12-01,21853.35,23373.190445706972
W92,2013-12-08,22670.54,23253.2341070233
W92,2013-12-15,22686.31,22950.4433720969
W92,2013-12-22,21102.33,22916.99616387553
W92,2013-12-29,21032.34,22335.90048141171
W93,1982-05-09,1748.563,1736.5701116423593
W93,1982-05-16,1753.833,1724.8703287621818
W93,1982-05-23,1740.646,1726.1471281049867
W93,1982-05-30,1741.955,1747.4102393176684
W93,1982-06-06,1753.649,1753.1040463258284
W93,1982-06-13,1760.835,1744.2251502913841
W93,1982-06-20,1747.62,1736.4113855395685
W93,1982-06-27,1745.674,1742.2684980653705
W93,1982-07-04,1751.342,1745.4513399049722
W93,1982-07-11,1758.483,1740.7100148576578
W93,1982-07-18,1747.428,1731.0952712955852
W93,1982-07-25,1749.617,1729.852632325283
W93,1982-08-01,1753.035,1741.4403941345395
W94,1975-04-13,1802.54,1812.85
W94,1975-04-20,1986.53,1812.85
W94,1975-04-27,1931.14,1812.85
W94,1975-05-04,1831.39,1812.85
W94,1975-05-11,1948.19,1812.85
W94,1975-05-18,1948.12,1812.85
W94,1975-05-25,2000.27,1812.85
W94,1975-06-01,2077.83,1812.85
W94,1975-06-08,2068.5,1812.85
W94,1975-06-15,2093.54,1812.85
W94,1975-06-22,2174.32,1812.85
W94,1975-06-29,2052.07,1812.85
W94,1975-07-06,2108.0,1812.85
W95,1975-04-13,1621.22,1652.2
W95,1975-04-20,1764.77,1652.2
W95,1975-04-27,1679.71,1652.2
W95,1975-05-04,1638.8,1652.2
W95,1975-05-11,1728.67,1652.2
W95,1975-05-18,1733.06,1652.2
W95,1975-05-25,1799.69,1652.2
W95,1975-06-01,1857.32,1652.2
W95,1975-06-08,1899.37,1652.2
W95,1975-06-15,1907.46,1652.2
W95,1975-06-22,1936.32,1652.2
W95,1975-06-29,1863.71,1652.2
W95,1975-07-06,1912.86,1652.2
W96,2013-10-06,11355.272,11283.285182978028
W96,2013-10-13,11385.864,11298.433433202901
W96,2013-10-20,11303.634,11319.824877358187
W96,2013-10-27,11309.627,11354.710244697117
W96,2013-11-03,11397.101,11377.800525936083
W96,2013-11-10,11427.142,11417.145869659493
W96,2013-11-17,11459.31,11429.40708822394
W96,2013-11-24,11388.745,11448.445136999031
W96,2013-12-01,11451.752,11419.662279365584
W96,2013-12-08,11478.884,11369.0814826576
W96,2013-12-15,11545.812,11347.340633830116
W96,2013-12-22,11497.115,11321.662433640247
W96,2013-12-29,11568.007,11304.75052068836
W97,2013-10-06,447.83,431.54986100983376
W97,2013-10-13,454.85,443.2577721415174
W97,2013-10-20,482.02,442.09562895013084
W97,2013-10-27,472.14,447.9508113152142
W97,2013-11-03,455.09,444.5852960218034
W97,2013-11-10,481.15,451.21384186388843
W97,2013-11-17,524.38,446.01809343338476
W97,2013-11-24,519.49,451.22682113963015
W97,2013-12-01,485.51,446.69349686984486
W97,2013-12-08,467.8,443.9758217516031
W97,2013-12-15,486.97,433.56299094693367
W97,2013-12-22,483.66,438.9127745749185
W97,2013-12-29,457.56,435.5252270685375
W98,2013-10-06,584.3,567.5295795443145
W98,2013-10-13,590.59,580.2282354157128
W98,2013-10-20,610.91,580.3282756980649
W98,2013-10-27,597.94,583.5876649643417
W98,2013-11-03,585.15,578.7727545968562
W98,2013-11-10,610.26,585.6995384525936
W98,2013-11-17,651.93,581.3856881492129
W98,2013-11-24,646.63,588.0499424070028
W98,2013-12-01,617.37,582.0175925143238
W98,2013-12-08,598.04,578.7610055801999
W98,2013-12-15,617.17,567.622442247236
W98,2013-12-22,615.46,570.9682756822474
W98,2013-12-29,586.87,567.290719373801
W99,2013-10-06,14837.74,15110.68667959729
W99,2013-10-13,14751.79,15102.607659090487
W99,2013-10-20,14883.29,15121.582889348
W99,2013-10-27,15009.8,15123.3142391917
W99,2013-11-03,14963.45,15133.476006747656
W99,2013-11-10,14930.14,15139.84610220514
W99,2013-11-17,14847.66,15151.465610726178
W99,2013-11-24,14828.55,15146.72853383086
W99,2013-12-01,14864.72,15112.9464647588
W99,2013-12-08,14893.35,15071.388482699083
W99,2013-12-15,14811.6,15066.769867802486
W99,2013-12-22,14898.23,15095.895844242139
W99,2013-12-29,14855.39,15099.49797619158
